Date,Views,Average percentage viewed (%),Unique viewers,Subscribers,Watch time (hours),Average view duration,Shares,Likes,Dislikes,Comments added,Impressions,Impressions click-through rate (%)
9/29/21,511,17.43,423,3,25.9594,0:03:02,7,3,0,0,2946,8.01
9/30/21,518,20.41,411,0,31.8943,0:03:41,4,10,0,1,3057,6.74
10/1/21,506,18.58,394,4,29.1657,0:03:27,1,12,0,0,2842,7.74
10/2/21,457,19.93,339,3,26.835,0:03:31,0,8,0,2,3010,6.25
10/3/21,523,19.99,398,2,32.2841,0:03:42,3,10,0,0,3087,6.12
10/4/21,613,20.67,480,6,37.621,0:03:40,4,10,0,0,3725,5.66
10/5/21,551,17.62,465,1,30.3548,0:03:18,1,15,0,1,3461,6.21
10/6/21,551,17.98,445,1,31.1109,0:03:23,2,6,3,1,3662,5.93
10/7/21,574,20.2,459,2,33.8807,0:03:32,7,8,1,0,3773,6.65
10/8/21,464,17.11,384,0,23.6878,0:03:03,8,9,1,0,2970,7
10/9/21,471,21.71,377,4,30.482,0:03:52,4,11,0,0,3239,6.79
10/10/21,504,19.13,411,5,27.926,0:03:19,3,11,0,2,3491,6.22
10/11/21,512,16.88,420,0,26.1673,0:03:03,7,7,1,0,3400,7.09
10/12/21,594,19.02,470,2,34.6544,0:03:30,7,11,1,0,4017,5.6
10/13/21,560,18.34,461,3,32.2766,0:03:27,4,5,0,0,4242,5.61
10/14/21,483,17.62,390,3,25.9665,0:03:13,4,16,0,0,3411,6.16
10/15/21,413,17.69,345,5,21.5658,0:03:07,8,7,1,2,2749,6.22
10/16/21,440,18.37,367,0,23.3789,0:03:11,2,6,0,0,2849,6.6
10/17/21,528,18.94,430,7,30.6259,0:03:28,1,7,0,0,3155,6.85
10/18/21,561,18.78,444,-1,32.1184,0:03:26,4,9,0,0,3871,5.76
10/19/21,547,18.22,452,1,28.9254,0:03:10,1,14,1,0,3358,6.85
10/20/21,574,18.48,461,6,31.0348,0:03:14,1,10,0,1,3643,7.19
10/21/21,541,17.27,445,2,27.5575,0:03:03,2,4,1,2,3355,7.12
10/22/21,484,19.34,408,5,26.804,0:03:19,2,10,0,1,3199,6.6
10/23/21,436,18.68,366,1,23.744,0:03:16,5,10,1,2,2906,6.26
10/24/21,541,16.5,447,4,26.1898,0:02:54,1,4,0,0,3456,6.39
10/25/21,622,17.65,522,1,31.2571,0:03:00,5,14,1,1,3940,6.45
10/26/21,678,18.79,548,3,38.4686,0:03:24,0,12,0,1,3900,7.41
10/27/21,635,18.13,504,7,34.2957,0:03:14,2,13,1,1,3973,6.82
10/28/21,661,16.7,533,2,32.5558,0:02:57,3,11,0,2,3582,7.37
10/29/21,620,16.72,481,1,31.0159,0:03:00,2,7,0,0,3708,6.8
10/30/21,451,17.08,347,0,23.4626,0:03:07,3,4,0,0,2890,6.33
10/31/21,490,17.24,375,2,25.4479,0:03:06,1,9,0,1,3342,6.31
11/1/21,557,16.34,461,5,27.2502,0:02:56,2,10,0,0,3483,6.75
11/2/21,625,16.85,512,4,30.6464,0:02:56,3,8,0,0,4352,5.77
11/3/21,628,19.03,494,5,37.163,0:03:33,5,10,2,1,3723,6.74
11/4/21,611,16.61,466,5,30.6508,0:03:00,10,10,0,0,3351,7.25
11/5/21,499,19.38,414,3,30.201,0:03:37,3,8,0,1,3171,6.72
11/6/21,515,19.16,414,2,30.3857,0:03:32,2,6,0,1,3652,6.3
11/7/21,611,17.55,497,0,32.306,0:03:10,8,7,0,1,3641,6.04
11/8/21,675,16.99,517,4,34.1471,0:03:02,4,8,0,6,4877,6.11
11/9/21,634,15.82,515,0,28.5301,0:02:42,8,6,0,2,4259,6.34
11/10/21,632,17.07,493,3,31.0955,0:02:57,1,11,0,0,4551,6.06
11/11/21,557,18.67,457,3,28.9391,0:03:07,8,10,0,0,4007,5.89
11/12/21,583,18.01,477,4,31.0282,0:03:11,9,9,0,1,3690,6.61
11/13/21,516,19.33,407,1,29.5657,0:03:26,1,9,1,0,3851,6.23
11/14/21,611,19.84,476,3,37.1188,0:03:38,2,9,0,0,3952,6.3
11/15/21,667,16.83,535,4,33.8255,0:03:02,2,9,0,0,4624,5.97
11/16/21,629,14.66,521,3,27.1176,0:02:35,0,8,0,0,4066,6.91
11/17/21,575,17.25,479,2,29.4597,0:03:04,1,7,1,1,3584,6.58
11/18/21,597,18.03,484,4,31.1501,0:03:07,8,11,1,0,3743,6.39
11/19/21,526,17.25,443,4,26.3754,0:03:00,1,9,0,0,3100,6.87
11/20/21,493,15.95,409,-1,22.7176,0:02:45,2,8,0,0,2828,7.85
11/21/21,550,16.13,457,2,25.1943,0:02:44,2,7,1,1,3386,7.65
11/22/21,652,15.42,542,2,30.3876,0:02:47,10,8,0,3,4300,6.44
11/23/21,641,16.26,522,2,30.794,0:02:52,3,7,0,1,3825,7.35
11/24/21,651,17.59,532,0,34.4752,0:03:10,1,7,0,0,3794,7.2
11/25/21,555,15.01,474,7,24.1257,0:02:36,4,9,0,0,3528,6.63
11/26/21,519,17.32,436,2,26.7524,0:03:05,1,8,0,0,2879,7.16
11/27/21,502,14.86,404,4,22.3542,0:02:40,4,8,1,0,3048,7.48
11/28/21,640,17.37,508,3,32.8268,0:03:04,6,16,1,0,3838,7.53
11/29/21,608,16.63,505,4,29.7751,0:02:56,4,5,0,1,3848,6.86
11/30/21,691,16.3,559,3,33.2773,0:02:53,8,14,0,3,3815,7.92
12/1/21,595,16.5,488,2,28.4771,0:02:52,7,5,0,0,3734,7.1
12/2/21,604,18.62,500,7,33.3457,0:03:18,2,5,0,1,3454,7.3
12/3/21,544,20.04,443,3,33.0983,0:03:39,0,6,2,1,3579,6.29
12/4/21,502,18.85,390,1,28.0412,0:03:21,3,4,0,0,3154,7.45
12/5/21,572,16.49,454,3,28.6887,0:03:00,6,9,0,0,3472,7.29
12/6/21,604,18.71,480,2,33.746,0:03:21,3,8,0,0,4386,6.25
12/7/21,650,18.73,507,5,36.6839,0:03:23,2,9,1,0,4277,6.48
12/8/21,650,20.22,525,0,39.8063,0:03:40,5,4,0,1,3966,7.19
12/9/21,620,18.26,500,0,34.6852,0:03:21,3,3,0,0,3518,7.31
12/10/21,507,17.73,413,1,27.466,0:03:15,4,4,0,1,3079,7.21
12/11/21,541,15.82,444,2,26.3045,0:02:55,2,6,0,0,3437,7.16
12/12/21,627,16.08,503,1,29.8991,0:02:51,1,7,0,0,3962,7.85
12/13/21,697,17.64,528,3,37.4442,0:03:13,2,3,0,1,4362,7.08
12/14/21,593,18.66,462,3,34.2998,0:03:28,8,15,0,0,4049,6.08
12/15/21,580,17.01,474,3,29.594,0:03:03,6,8,0,2,4013,5.91
12/16/21,507,18.7,413,1,29.154,0:03:27,8,12,1,1,3589,6.63
12/17/21,482,17.02,374,0,23.9048,0:02:58,1,4,1,2,3012,6.71
12/18/21,395,19.1,325,1,21.6944,0:03:17,3,5,0,0,2562,7.49
12/19/21,469,16.53,378,2,23.1516,0:02:57,2,8,1,0,3133,5.87
12/20/21,579,18.36,431,4,33.7206,0:03:29,7,4,1,1,3738,6.9
12/21/21,524,17.72,418,1,28.8168,0:03:17,1,5,0,0,3728,6.52
12/22/21,516,17.15,404,3,27.8084,0:03:14,4,5,2,1,3745,6.57
12/23/21,464,16.14,357,1,23.3992,0:03:01,5,12,0,0,3344,5.62
12/24/21,352,17.77,277,1,18.4458,0:03:08,2,1,0,0,2939,5.27
12/25/21,310,20.77,247,2,20.6106,0:03:59,2,7,0,0,2622,5.38
12/26/21,368,14.66,293,0,16.0339,0:02:36,2,5,-1,0,2534,6.47
12/27/21,442,20.78,354,6,28.2982,0:03:50,1,7,0,0,3325,6.74
12/28/21,498,18.29,403,1,27.3677,0:03:17,6,5,1,0,3033,7.45
12/29/21,466,16.9,374,2,23.9455,0:03:04,1,1,0,1,2987,6.63
12/30/21,402,17.37,323,2,21.2619,0:03:10,1,7,0,0,2534,6.99
12/31/21,306,18.89,242,2,17.4618,0:03:25,2,7,1,1,2290,6.07
1/1/22,296,17.66,246,2,15.5265,0:03:08,2,5,0,1,2309,5.67
1/2/22,426,16.91,332,1,20.5976,0:02:54,1,5,0,1,2793,6.87
1/3/22,496,15.74,392,2,23.1655,0:02:48,10,3,0,0,3319,6.72
1/4/22,517,17.6,432,3,27.3238,0:03:10,5,3,0,2,3373,7
1/5/22,488,18.46,383,3,27.4537,0:03:22,9,4,0,0,3784,5.63
1/6/22,488,17.31,391,2,25.2121,0:03:05,7,8,0,1,3518,6.05
1/7/22,435,16.92,366,4,21.721,0:02:59,0,6,0,0,2871,6.62
1/8/22,429,14.11,356,1,18.6179,0:02:36,2,2,0,0,2765,6.87
1/9/22,478,14.85,383,3,21.3907,0:02:41,1,7,0,0,3362,6.87
1/10/22,543,18.54,436,4,31.6596,0:03:29,5,11,0,2,3662,5.9
1/11/22,548,15.84,423,7,26.062,0:02:51,5,4,1,1,3424,6.54
1/12/22,592,18.63,443,2,33.943,0:03:26,4,5,0,1,3961,6.66
1/13/22,556,21.93,438,2,37.041,0:03:59,6,7,1,1,4010,6.28
1/14/22,543,17.47,428,1,29.1073,0:03:12,7,5,0,1,3739,6.04
1/15/22,443,17.11,345,1,23.6683,0:03:12,1,6,0,0,3070,6.29
1/16/22,594,19.89,440,3,35.4502,0:03:34,1,8,0,0,3660,6.83
1/17/22,650,22.36,517,5,44.7689,0:04:07,1,14,1,3,4005,6.97
1/18/22,561,16.75,455,4,28.305,0:03:01,2,10,0,1,3832,5.64
1/19/22,638,15.07,516,5,30.1838,0:02:50,4,7,1,0,3864,6.21
1/20/22,648,15.93,518,4,31.3239,0:02:54,0,9,0,0,3871,7
1/21/22,552,15.61,415,4,26.0074,0:02:49,0,9,1,2,4085,5.46
1/22/22,463,16.59,359,0,23.0488,0:02:59,9,9,1,1,3125,5.98
1/23/22,563,18.04,454,4,29.8176,0:03:10,4,5,0,2,3676,6.53
1/24/22,617,18.16,488,2,33.2616,0:03:14,0,11,1,0,4199,6.17
1/25/22,633,17.46,504,6,33.2063,0:03:08,3,4,0,0,4326,6.52
1/26/22,632,14.25,479,2,26.9732,0:02:33,6,5,1,0,4450,5.96
1/27/22,588,17.15,453,6,31.237,0:03:11,2,10,0,1,3885,5.82
1/28/22,473,15.11,363,3,20.9507,0:02:39,2,8,0,1,3614,6
1/29/22,397,18.78,326,1,23.2787,0:03:31,1,4,0,0,3654,4.49
1/30/22,491,18.03,383,5,27.1349,0:03:18,5,8,0,0,3412,5.83
1/31/22,552,19.78,454,1,32.9713,0:03:35,1,8,0,0,3330,6.52
2/1/22,571,16.45,457,2,27.3072,0:02:52,1,7,0,0,3217,7.55
2/2/22,550,16.86,453,0,27.7025,0:03:01,1,11,1,1,3631,6.36
2/3/22,545,18.1,432,-1,30.0145,0:03:18,5,14,0,1,3525,6.52
2/4/22,504,17.06,387,1,26.4133,0:03:08,0,7,0,0,2989,6.49
2/5/22,476,21.27,387,2,30.1541,0:03:48,3,6,3,0,2967,6.2
2/6/22,579,20.13,456,2,34.2947,0:03:33,8,5,0,1,3632,6.36
2/7/22,604,17.77,500,3,33.9825,0:03:22,3,9,1,0,4376,5.94
2/8/22,602,18.68,475,1,34.2578,0:03:24,6,6,0,0,3572,6.19
2/9/22,535,16.27,422,1,26.5256,0:02:58,2,9,0,0,3454,6.4
2/10/22,601,17.61,458,4,32.1461,0:03:12,4,8,0,0,3990,6.14
2/11/22,454,17.54,364,4,23.7176,0:03:08,2,6,0,1,3717,5.27
2/12/22,421,19.96,332,1,25.3802,0:03:37,2,10,0,1,2914,5.87
2/13/22,530,19.97,416,4,31.476,0:03:33,3,5,0,1,3271,6.39
2/14/22,611,17.99,477,6,36.1977,0:03:33,1,6,0,1,3892,6.63
2/15/22,548,16.78,456,7,28.3046,0:03:05,2,4,1,0,3341,6.94
2/16/22,681,16.76,550,2,33.135,0:02:55,4,6,0,2,3610,8.12
2/17/22,649,16.55,504,3,32.3238,0:02:59,2,13,0,0,4114,6.76
2/18/22,516,17.59,421,4,26.5121,0:03:04,3,10,0,0,3157,6.87
2/19/22,524,16.69,400,0,26.8324,0:03:04,3,8,0,1,3271,6.91
2/20/22,545,19.01,436,7,31.0762,0:03:25,4,9,2,0,3489,6.59
2/21/22,564,20.22,457,5,34.8691,0:03:42,0,12,0,0,3788,6.31
2/22/22,597,15.45,456,2,27.6213,0:02:46,8,8,0,0,3611,6.48
2/23/22,570,17.59,453,1,31.3998,0:03:18,1,8,0,2,3285,7.21
2/24/22,474,17.3,380,0,25.9666,0:03:17,1,9,0,0,3548,5.81
2/25/22,544,16.87,412,4,29.7043,0:03:16,2,4,0,1,4285,5.95
2/26/22,480,19.68,367,9,30.8868,0:03:51,2,5,1,0,3622,6.18
2/27/22,531,18.06,423,2,31.2287,0:03:31,2,4,0,2,3699,6.06
2/28/22,612,16.17,477,4,32.7192,0:03:12,4,15,0,2,3968,5.97
3/1/22,600,17.33,497,2,33.3713,0:03:20,3,12,0,2,3829,6.61
3/2/22,543,16.72,456,5,27.5582,0:03:02,2,11,0,0,3952,6.17
3/3/22,532,16.79,437,1,26.0419,0:02:56,1,9,0,1,3286,7.52
3/4/22,546,15.19,446,1,25.7956,0:02:50,0,7,0,0,3311,7.19
3/5/22,437,19.06,355,2,25.6424,0:03:31,2,4,0,0,2950,6.37
3/6/22,539,17.27,432,2,28.4109,0:03:09,6,13,1,1,3505,6.73
3/7/22,561,15.58,477,1,26.4315,0:02:49,3,8,1,0,3796,6.32
3/8/22,576,15.92,476,1,28.4023,0:02:57,5,6,0,0,3886,5.97
3/9/22,580,16.4,484,5,27.4521,0:02:50,4,9,0,2,3402,7.23
3/10/22,579,16.37,485,-2,27.7583,0:02:52,5,10,0,1,3743,6.81
3/11/22,516,13.83,411,2,22.5209,0:02:37,3,12,0,1,3928,5.86
3/12/22,517,14.61,378,2,23.0372,0:02:40,0,11,1,0,4158,5.68
3/13/22,475,16.59,394,3,23.148,0:02:55,4,3,0,0,3432,5.68
3/14/22,627,16.35,514,0,32.0225,0:03:03,1,7,1,0,3693,6.09
3/15/22,595,15.22,480,4,27.393,0:02:45,5,2,1,0,3745,6.49
3/16/22,630,16.14,501,2,30.2171,0:02:52,1,13,1,0,3970,7.13
3/17/22,593,15.16,459,2,27.7095,0:02:48,5,13,0,0,4027,6.36
3/18/22,469,15.91,377,4,22.9499,0:02:56,0,7,0,2,3552,5.21
3/19/22,479,15.74,391,3,23.2836,0:02:54,0,12,0,3,4056,5.89
3/20/22,522,16.85,423,1,28.1935,0:03:14,1,5,0,1,3505,6.5
3/21/22,616,16.86,519,1,31.6181,0:03:04,3,11,1,0,4126,6.76
3/22/22,621,17.07,484,-1,32.0649,0:03:05,7,8,0,0,4356,6.27
3/23/22,622,16.33,512,2,29.899,0:02:53,0,6,0,0,4088,6.29
3/24/22,563,17.04,467,5,29.6149,0:03:09,4,7,0,2,3352,7.04
3/25/22,498,17.05,405,2,26.0074,0:03:08,6,8,1,2,3715,5.2
3/26/22,484,16.44,392,4,24.3528,0:03:01,5,9,0,0,3251,6.95
3/27/22,632,15.2,493,4,29.7907,0:02:49,2,11,1,1,3900,7.13
3/28/22,657,18.55,543,7,36.1161,0:03:17,5,11,1,0,4229,7.45
3/29/22,663,16.86,550,4,32.9854,0:02:59,7,9,0,1,4166,6.51
3/30/22,680,16.22,526,3,33.6375,0:02:58,6,7,0,2,4658,6.87
3/31/22,604,15.58,503,3,27.9786,0:02:46,2,9,0,0,4055,6.34
4/1/22,534,15.95,430,2,25.7233,0:02:53,1,8,0,1,3544,5.59
4/2/22,510,14.48,396,1,23.2804,0:02:44,1,11,0,1,4130,5.81
4/3/22,629,16.35,519,6,32.9906,0:03:08,6,11,0,1,4592,5.36
4/4/22,681,15.84,550,2,33.2522,0:02:55,1,9,1,0,4793,6.09
4/5/22,648,15.66,543,-1,30.4995,0:02:49,1,7,0,2,4256,6.51
4/6/22,668,16.57,536,4,33.6185,0:03:01,4,10,0,1,4625,6.23
4/7/22,611,18.13,479,1,32.5777,0:03:11,2,9,0,1,4602,5.63
4/8/22,585,14.3,446,4,25.1891,0:02:35,0,12,0,0,3963,6.26
4/9/22,421,18.35,353,5,23.6499,0:03:22,0,6,0,0,3251,5.88
4/10/22,551,15.65,458,0,25.3741,0:02:45,3,8,0,0,3744,5.37
4/11/22,636,16.92,522,2,32.534,0:03:04,6,11,0,1,4293,6.87
4/12/22,598,17.96,487,3,32.9326,0:03:18,5,5,0,2,4180,6.72
4/13/22,638,15.04,513,6,28.1732,0:02:38,3,14,0,1,3882,7.5
4/14/22,584,15.48,460,0,27.3522,0:02:48,3,13,1,1,3779,6.43
4/15/22,540,17.5,436,1,27.9447,0:03:06,5,13,0,2,4543,5.79
4/16/22,447,15.41,367,5,20.0384,0:02:41,6,8,0,0,3619,5.97
4/17/22,534,17.11,432,6,27.2311,0:03:03,3,6,0,0,3575,5.85
4/18/22,600,16.9,466,2,29.5847,0:02:57,2,14,1,1,4315,6.77
4/19/22,594,16.61,477,4,29.1019,0:02:56,1,6,0,1,4904,5.4
4/20/22,577,15.74,474,2,26.9322,0:02:48,1,14,0,0,4379,5.55
4/21/22,588,15.94,485,2,27.9689,0:02:51,1,10,1,0,3889,6.69
4/22/22,505,18.04,408,1,26.9856,0:03:12,0,7,0,0,3478,5.75
4/23/22,432,16.21,336,8,20.0306,0:02:46,0,13,0,1,3703,6.16
4/24/22,514,16.38,435,2,24.4448,0:02:51,3,8,0,0,3432,7.11
4/25/22,589,15.7,470,2,27.6086,0:02:48,1,7,1,0,5377,5.34
4/26/22,647,15.89,506,1,31.7297,0:02:56,12,9,0,2,4589,6.38
4/27/22,603,14.86,502,5,26.091,0:02:35,4,13,1,0,4309,6.29
4/28/22,538,17.42,422,3,28.2811,0:03:09,1,10,0,0,4970,5.21
4/29/22,440,15.01,373,2,19.0242,0:02:35,6,7,0,0,3136,6.38
4/30/22,419,16.84,331,2,20.7696,0:02:58,3,7,0,2,3871,5.17
5/1/22,449,15.07,362,0,19.8507,0:02:39,2,9,0,0,3312,6.43
5/2/22,538,15.9,422,2,25.9713,0:02:53,27,6,0,0,3728,6.17
5/3/22,587,16.77,462,5,30.463,0:03:06,21,9,1,1,5210,5.16
5/4/22,516,14.94,424,2,23.2463,0:02:42,2,4,0,0,4083,5.58
5/5/22,527,17.88,427,6,28.9271,0:03:17,4,4,0,0,4057,6.53
5/6/22,505,17.69,417,1,27.7741,0:03:17,1,4,0,0,3517,6.6
5/7/22,447,18.18,342,4,25.8789,0:03:28,0,7,0,1,3545,6.06
5/8/22,500,18.06,389,4,28.228,0:03:23,6,10,0,0,4372,5.19
5/9/22,529,16.98,437,2,28.6435,0:03:14,3,6,0,1,3860,6.14
5/10/22,582,16.96,454,2,30.8794,0:03:11,7,10,1,0,4290,6.69
5/11/22,599,15.38,470,3,29.7319,0:02:58,2,5,0,1,4291,5.92
5/12/22,555,16.26,449,2,27.1005,0:02:55,2,4,0,1,3731,7.24
5/13/22,508,16.39,420,2,26.102,0:03:04,3,7,0,0,3405,8.08
5/14/22,377,14.76,315,1,16.8186,0:02:40,2,4,1,1,3088,6.15
5/15/22,475,14.78,374,5,21.3547,0:02:41,6,8,2,1,3854,5.97
5/16/22,592,14.55,505,5,27.4994,0:02:47,5,3,0,0,4218,6.31
5/17/22,583,16.92,456,1,30.26,0:03:06,4,4,0,0,4173,6.45
5/18/22,625,15.91,507,2,30.7116,0:02:56,6,6,0,1,4668,6.73
5/19/22,591,14.65,468,2,26.7938,0:02:43,3,4,0,0,4577,5.72
5/20/22,519,16.94,406,2,26.5689,0:03:04,0,10,0,2,3441,7.21
5/21/22,393,15.78,324,0,18.5457,0:02:49,3,-1,2,0,3389,5.64
5/22/22,448,13.08,365,2,17.9496,0:02:24,1,3,-1,0,3201,6.69
5/23/22,524,14.44,436,3,23.1874,0:02:39,1,4,1,1,3846,6.11
5/24/22,612,13.46,486,0,25.4949,0:02:29,0,13,0,0,5068,5.58
5/25/22,554,15.8,433,6,27.7858,0:03:00,4,12,0,0,3913,6.41
5/26/22,600,14.81,475,0,26.8681,0:02:41,4,2,0,0,4150,6.87
5/27/22,434,15.16,361,2,19.9622,0:02:45,2,5,0,1,3312,5.77
5/28/22,493,15.24,383,2,23.5105,0:02:51,3,7,0,1,3503,6.54
5/29/22,487,12.29,407,3,18.5703,0:02:17,1,10,0,0,3070,7.04
5/30/22,587,20.39,473,2,35.5347,0:03:37,2,9,0,0,4436,6.38
5/31/22,642,16.26,514,3,32.9079,0:03:04,6,8,0,0,4247,6.9
6/1/22,590,17.27,479,1,31.3954,0:03:11,3,2,1,1,3693,6.96
6/2/22,566,16.3,476,1,28.5034,0:03:01,2,10,0,1,3936,6.38
6/3/22,449,17.18,372,5,23.8623,0:03:11,1,3,0,0,3320,6.81
6/4/22,435,14.98,348,1,20.2441,0:02:47,1,11,2,3,3280,6.4
6/5/22,540,14.79,425,3,24.6347,0:02:44,2,5,1,0,3604,6.6
6/6/22,595,13.85,487,0,26.2497,0:02:38,11,4,0,0,3653,7.88
6/7/22,545,16,458,0,27.0716,0:02:58,1,4,0,0,4151,5.83
6/8/22,574,17.25,466,1,30.4655,0:03:11,3,9,0,0,3784,6.77
6/9/22,545,16.28,445,4,26.5536,0:02:55,4,6,2,0,3406,7.31
6/10/22,461,15.77,377,2,22.5109,0:02:55,1,4,0,0,3501,6.4
6/11/22,396,14.15,323,2,17.8268,0:02:42,1,1,0,0,2942,6.05
6/12/22,505,16.58,404,3,25.6223,0:03:03,1,3,0,0,3770,6.45
6/13/22,566,17.9,445,4,31.4917,0:03:20,1,10,0,1,3901,6.02
6/14/22,601,17.45,461,5,32.9372,0:03:17,3,5,0,1,4184,6.31
6/15/22,528,17.5,419,7,28.7315,0:03:15,0,6,1,0,3120,6.99
6/16/22,532,14.76,427,2,24.1843,0:02:43,2,7,0,0,3618,5.94
6/17/22,466,18.82,364,6,26.6506,0:03:25,1,13,0,0,3370,6.71
6/18/22,417,16.38,337,2,21.0418,0:03:01,6,8,0,0,2555,7.48
6/19/22,464,19.07,369,0,27.1406,0:03:30,3,5,0,0,2623,7.36
6/20/22,612,15.74,476,-2,30.0724,0:02:56,17,12,0,2,5131,5.38
6/21/22,552,14.12,460,0,24.4816,0:02:39,3,2,0,0,3866,6.62
6/22/22,545,16.93,434,3,27.8673,0:03:04,1,8,0,0,3585,7.25
6/23/22,580,17.51,459,1,30.9171,0:03:11,3,6,0,1,3241,7.68
6/24/22,467,15.63,372,3,22.0908,0:02:50,2,5,0,0,2971,6.66
6/25/22,451,16.5,336,4,25.0193,0:03:19,1,7,0,0,2711,7.64
6/26/22,457,14.51,350,0,20.5321,0:02:41,0,5,1,0,3311,5.71
6/27/22,485,15.58,377,1,23.378,0:02:53,3,11,0,0,3239,6.14
6/28/22,513,15.96,396,11,25.8241,0:03:01,8,11,0,0,3441,6.25
6/29/22,503,17.22,392,2,25.5649,0:03:02,6,10,0,0,3699,6.06
6/30/22,472,15.6,393,4,23.0702,0:02:55,4,10,0,3,3439,6.16
7/1/22,380,15.6,325,1,18.027,0:02:50,1,8,0,0,2815,6.5
7/2/22,345,14.46,267,5,15.3093,0:02:39,0,7,1,2,2492,6.54
7/3/22,424,15.24,345,3,19.9807,0:02:49,3,7,0,1,3033,6.43
7/4/22,459,16.26,352,2,23.2039,0:03:01,5,9,0,0,3350,5.88
7/5/22,534,16.53,417,3,27.6432,0:03:06,12,7,0,0,3428,7.21
7/6/22,457,18.9,380,2,26.1203,0:03:25,2,5,0,1,3887,4.61
7/7/22,411,16.58,325,1,21.9983,0:03:12,5,3,0,1,3513,4.7
7/8/22,452,18.99,334,3,27.3063,0:03:37,2,9,0,0,2975,6.22
7/9/22,389,17.8,305,1,21.8302,0:03:22,2,5,1,1,2390,6.32
7/10/22,368,15.62,300,0,19.0946,0:03:06,3,6,0,0,2679,5.67
7/11/22,411,14.6,351,1,19.0135,0:02:46,1,4,0,0,2910,5.12
7/12/22,464,15.21,364,3,21.8593,0:02:49,19,3,0,1,2957,6.76
7/13/22,458,17.7,364,1,24.5452,0:03:12,3,4,0,1,2790,6.81
7/14/22,469,18.33,378,2,27.679,0:03:32,3,6,0,0,3369,6.29
7/15/22,394,18.88,321,4,23.8264,0:03:37,3,7,0,0,2668,5.85
7/16/22,356,17.44,276,4,20.9769,0:03:32,1,3,0,1,2608,4.83
7/17/22,446,15.92,348,3,21.7075,0:02:55,0,6,0,0,2653,6.75
7/18/22,505,15.81,399,4,25.433,0:03:01,4,3,3,1,3813,5.46
7/19/22,525,14.51,405,6,25.2541,0:02:53,2,13,0,2,3450,6.06
7/20/22,479,17.94,390,3,27.7156,0:03:28,5,8,0,0,2919,6.61
7/21/22,438,16.73,342,1,23.3277,0:03:11,6,5,0,0,2984,5.36
7/22/22,399,13.32,318,2,16.9669,0:02:33,1,5,0,1,2677,5.83
7/23/22,352,19.96,284,2,22.537,0:03:50,4,7,0,2,2501,6.44
7/24/22,376,17.63,323,3,20.4208,0:03:15,1,10,0,0,2465,5.44
7/25/22,498,15.88,403,3,25.6026,0:03:05,2,13,1,0,3023,6.35
7/26/22,460,14.96,389,1,21.9488,0:02:51,2,14,0,0,3082,5.52
7/27/22,478,16.76,379,3,25.377,0:03:11,3,9,0,0,3048,6.66
7/28/22,494,14.55,376,2,22.5666,0:02:44,4,5,0,0,3206,5.93
7/29/22,393,17.15,320,-1,21.2836,0:03:14,3,7,1,0,2647,5.89
7/30/22,338,16.97,271,1,17.8007,0:03:09,6,5,0,1,1963,7.18
7/31/22,396,15.87,323,5,19.1175,0:02:53,1,5,1,1,2355,7.39
8/1/22,442,16.05,371,5,21.9262,0:02:58,1,8,1,0,3279,6.53
8/2/22,479,16.2,406,1,22.8893,0:02:52,1,4,1,0,2775,6.95
8/3/22,471,15.91,393,3,22.7409,0:02:53,0,4,0,0,3313,6.1
8/4/22,446,15.09,352,3,20.9595,0:02:49,2,9,0,0,3244,5.92
8/5/22,423,14.99,343,3,19.1396,0:02:42,18,8,0,0,2812,6.26
8/6/22,305,14.38,247,1,13.5631,0:02:40,0,1,0,0,1855,6.36
8/7/22,348,15.01,285,1,15.8564,0:02:44,2,1,0,2,2532,5.13
8/8/22,453,15.45,365,3,21.1169,0:02:47,1,3,0,1,2989,6.42
8/9/22,411,15.34,346,-1,19.4973,0:02:50,3,3,0,0,2287,7.65
8/10/22,388,15.14,325,1,18.0781,0:02:47,3,4,0,0,2455,5.82
8/11/22,443,16.07,361,2,22.3359,0:03:01,3,3,0,1,2672,6.55
8/12/22,361,15.9,303,3,17.0832,0:02:50,4,2,0,2,2581,5.7
8/13/22,309,13.22,248,0,13.1499,0:02:33,2,4,0,1,2411,4.65
8/14/22,304,17.79,253,0,15.9544,0:03:08,0,8,0,0,1879,7.24
8/15/22,389,17.76,327,3,20.4734,0:03:09,0,4,0,1,2657,5.98
8/16/22,442,16.71,360,3,22.6138,0:03:04,3,8,0,0,2942,5.47
8/17/22,444,17.58,370,1,23.2143,0:03:08,0,6,0,0,2423,7.72
8/18/22,397,15.92,329,4,18.9913,0:02:52,2,8,0,1,2457,6.67
8/19/22,336,15.86,281,4,16.799,0:02:59,1,4,0,2,2495,6.45
8/20/22,341,16.12,284,4,16.6682,0:02:55,3,7,0,0,2594,6.75
8/21/22,346,16.71,280,1,17.8545,0:03:05,2,5,1,0,2363,5.59
8/22/22,471,19.13,387,3,27.4404,0:03:29,6,8,0,0,2842,6.3
8/23/22,495,16.21,404,4,24.8235,0:03:00,7,8,0,0,3331,5.52
8/24/22,469,17.21,384,1,24.9465,0:03:11,2,7,1,1,3427,5.4
8/25/22,466,16.36,366,5,23.2401,0:02:59,8,8,0,4,3362,5.74
8/26/22,381,14.22,322,1,17.1233,0:02:41,3,6,0,0,3045,5.29
8/27/22,364,14.84,293,2,16.7826,0:02:45,1,4,0,2,2446,6.05
8/28/22,367,16.39,297,1,19.0197,0:03:06,1,3,0,0,2390,5.1
8/29/22,415,17.98,349,0,23.2225,0:03:21,3,7,0,0,2716,5.74
8/30/22,456,16.55,362,3,23.0446,0:03:01,0,3,0,0,3925,4.61
8/31/22,525,17.43,430,2,27.9012,0:03:11,2,10,0,1,3212,6.72
9/1/22,511,16.78,438,5,26.295,0:03:05,2,6,0,0,3688,5.42
9/2/22,373,13.98,308,2,16.1259,0:02:35,3,2,0,0,2533,6.12
9/3/22,342,15.98,282,2,16.7104,0:02:55,6,4,1,0,2443,6.22
9/4/22,401,15.87,324,4,19.7436,0:02:57,1,2,1,0,2769,5.99
9/5/22,568,20.82,422,6,36.4991,0:03:51,1,6,0,0,4251,5.5
9/6/22,612,18.53,479,5,33.882,0:03:19,1,10,0,3,3616,6.86
9/7/22,580,15.01,459,1,26.3638,0:02:43,1,4,2,2,3570,5.77
9/8/22,569,15.75,449,3,28.2933,0:02:59,2,2,2,0,4009,5.44
9/9/22,526,16.82,419,0,27.6336,0:03:09,2,10,0,0,3053,6.13
9/10/22,423,17.1,347,1,23.1036,0:03:16,0,4,0,2,2746,5.94
9/11/22,539,18.43,409,3,31.4121,0:03:29,1,2,0,1,3526,6.3
9/12/22,630,16.1,491,0,32.5589,0:03:06,5,7,0,0,4390,6.22
9/13/22,585,17.05,491,6,30.7196,0:03:09,4,8,0,1,3545,6.23
9/14/22,666,15.34,539,3,32.3156,0:02:54,1,10,0,0,4088,6.02
9/15/22,663,14.15,513,4,30.0925,0:02:43,37,7,0,0,3625,6.43
9/16/22,479,13.19,392,3,19.7689,0:02:28,2,4,0,0,2633,6.23
9/17/22,475,16.21,388,3,24.1225,0:03:02,3,9,0,0,2787,7.03
9/18/22,564,16.9,428,4,30.8034,0:03:16,5,8,0,0,3242,6.2
9/19/22,653,17.64,522,7,36.3537,0:03:20,0,6,0,1,3448,6.9
9/20/22,641,17.27,511,6,35.6181,0:03:20,4,8,0,0,3530,6.74
9/21/22,640,14.66,510,1,28.7827,0:02:41,1,8,0,0,3441,6.57
9/22/22,604,15.96,492,1,29.7071,0:02:57,5,10,0,0,2888,7.2
9/23/22,562,15.43,461,3,26.7539,0:02:51,4,6,1,2,3072,6.45
9/24/22,471,16.61,373,3,24.9167,0:03:10,1,12,1,0,2516,6.56
9/25/22,562,16.2,450,5,28.7924,0:03:04,2,3,0,1,3285,6.27
9/26/22,638,18.01,521,3,36.0697,0:03:23,2,6,0,0,4204,5.8
9/27/22,688,17.44,550,4,36.8399,0:03:12,4,6,0,1,3890,7.1
9/28/22,594,15.94,0,2,29.9736,0:03:01,5,7,0,,3035,7.22